sample,SEX,RACE_NEW,PRNCPTX,AGE,ELECTSURG,EMERGNCY,WNDCLAS,ASACLAS,DIABETES,SMOKE,DYSPNEA,FNSTATUS2,VENTILAT,HXCOPD,ASCITES,HXCHF,HYPERMED,DISCANCR,WNDINF,WTLOSS,BLEEDDIS,TRANSFUS,PRSEPIS,HEIGHT,WEIGHT,PRSODM,PRBUN,PRCREAT,PRALBUM,PRWBC,PRHCT,PRPLATE,PRINR,INOUT,TRANST,OPTIME,DISCHDEST,READMISSION1,TOTHLOS,STILLINHOSP,COL_STEROID,COL_MECH_BOWEL_PREP,COL_ORAL_ANTIBIOTIC,COL_INDICATION,COL_EMERGENT,COL_APPROACH,COL_ANASTOMOTIC,COL_ILEUS,OUPNEUMO,CDARREST,CDMI,SUPINFEC,WNDINFD,ORGSPCSSI,URNINFEC,OTHDVT,PULEMBOL,RENAINSF,OPRENAFL,DEHIS,REINTUB,CNSCVA,OTHSYSEP,OTHBLEED,RETURNOR,disease,inflammation,tissue,tissue_subsite,tissue_subsite_detail,filename,patient,sex,subtype,status,procedure,sampleDate,fullBatch,batch,batch_detail,sequencer,IECAve,CD3Ave,CD33Ave,BCellAve,NeutrophilAve,NaturalKillerAve,FibroAve,IECAve_hg19,TIN_med_old,ageSampleCollection,QCfail_outliers,atac,study,CCP,CCP_new,subNumber,Notes,seqFacility,readLength,TIN_med_new,genotypePC1,genotypePC2,genotypePC3,genotypePC4,race,mrn,montreal,date collected,iasc,inf
PB283,Male,Black or African American,"Proctectomy; complete, combined abdominoperineal, with colostomy",32.25,Yes,No,Clean/Contaminated,ASA 2 - Mild Disturb,No,No,No,Independent,No,No,No,No,No,No,No,No,No,No,None,72.00791290000001,135.804592,,,,,10.3,37.5,505.0,,Inpatient,Not transferred (admitted from home),192,Home,0.0,28.0,,,,,Crohn's Disease,,,,,0.0,0.0,0.0,0.0,0.0,0.0,0.0,0.0,0.0,0.0,0.0,0.0,0.0,0.0,0.0,0.0,1.0,CD,uninflamed,Colon,colon,colon,A3,,M,CL,,,2017.0,,N,N,NS6000,,,,,,,,,,32.0,,,,,,4,,Novogene,151.0,66.87212134,0.135301,-0.0460699,0.0268809,-0.121794,non-hispanic black,7432370,1-15/21-25,2017-04-24,0.0,0.0
PB504,Female,Black or African American,"Laparoscopy, surgical; colectomy, partial, with anastomosis",63.35,Yes,No,Clean/Contaminated,ASA 3 - Severe Disturb,Insulin,No,Moderate Exertion,Independent,No,No,No,Yes,Yes,No,No,No,No,No,None,65.0000351,129.631656,137.0,23.0,1.15,,10.3,39.3,242.0,,Inpatient,Not transferred (admitted from home),203,Home,0.0,5.0,,Yes,Unknown,Unknown,Crohn's Disease,,Open (planned),0.0,No,0.0,0.0,0.0,0.0,0.0,0.0,0.0,0.0,0.0,0.0,0.0,0.0,0.0,0.0,0.0,0.0,0.0,CD,uninflamed,NI Unspecified Colon & IF Colon,colon,colon,F2,,F,CL,,,2019.0,,N,N,NS6000,,,,,,,,,,63.0,,,,,,23,,Novogene,151.0,76.97682365,,,,,non-hispanic black,100050225166,,2019-01-04,0.0,0.0
PB571,Male,Unknown/Not Reported,"Laparoscopy, surgical; colectomy, partial, with removal of terminal ileum with ileocolostomy",52.61,Yes,No,Contaminated,ASA 2 - Mild Disturb,No,No,No,Independent,No,No,No,No,No,No,No,No,No,No,None,67.0079102,145.72538199999997,140.0,12.0,0.95,,3.7,40.9,250.0,,Inpatient,Not transferred (admitted from home),118,Home,0.0,4.0,,No,Yes,Yes,Crohn's Disease,,Laparoscopic,0.0,No,0.0,0.0,0.0,0.0,0.0,0.0,0.0,0.0,0.0,0.0,0.0,0.0,0.0,0.0,0.0,0.0,0.0,CD,uninflamed,"NI Acending Colon, NI & IF Term. Ileum",AC,ascending colon,G7,,M,CL,,,2019.0,,N,N,NS6000,,,,,,,,,,52.0,,,,,,21,,Novogene,151.0,77.69278094,,,,,,100055052078,,2019-06-28,0.0,0.0
PB611,Female,White,"Laparoscopy, surgical; colectomy, partial, with removal of terminal ileum with ileocolostomy",47.91,Yes,No,Clean/Contaminated,ASA 2 - Mild Disturb,No,No,No,Independent,No,No,No,No,No,No,No,No,No,No,None,62.0079075,184.306232,136.0,7.0,0.92,,9.8,32.8,440.0,,Inpatient,Not transferred (admitted from home),151,Home,0.0,4.0,,Yes,Yes,Yes,Crohn's Disease,,Laparoscopic,0.0,No,0.0,0.0,0.0,0.0,0.0,0.0,0.0,0.0,0.0,0.0,0.0,0.0,0.0,0.0,0.0,0.0,0.0,CD,uninflamed,NI Asc Colon & T. Ileum & IF T. Ileum,AC,ascending colon,M3,,F,CL,,,2019.0,,N,N,NS6000,,,,,,,,,,47.0,,,,,,21,,Novogene,151.0,74.96209368,,,,,non-hispanic white,11634383,,2019-11-20,0.0,0.0
PB628,Female,White,"Colectomy, total, abdominal, with proctectomy; with ileostomy",54.15,Yes,No,Clean/Contaminated,ASA 3 - Severe Disturb,No,No,No,Independent,No,No,No,No,No,No,No,No,No,No,None,67.0,144.0,,,,,5.9,41.6,212.0,,Inpatient,Not transferred (admitted from home),267,Home,0.0,3.0,,,,,Cancer,,,,,0.0,0.0,0.0,0.0,0.0,0.0,0.0,0.0,0.0,0.0,0.0,0.0,0.0,0.0,0.0,0.0,0.0,CD,uninflamed,NI & IF Ascending Colon,AC,ascending colon,D4,,F,CL,,,2020.0,,N,N,NS6000,,,,,,,,,,54.0,,,,,,21,,Novogene,151.0,77.01332242,,,,,non-hispanic white,7705387,,2020-01-07,0.0,0.0
PB641,Female,White,"Laparoscopy, surgical; colectomy, partial, with removal of terminal ileum with ileocolostomy",29.83,Yes,No,Clean/Contaminated,ASA 2 - Mild Disturb,No,No,No,Independent,No,No,No,No,No,No,No,No,No,No,None,64.0,157.0,139.0,11.0,0.86,3.8,13.0,37.8,589.0,,Inpatient,Not transferred (admitted from home),224,Home,0.0,4.0,,No,Yes,Yes,Crohn's Disease,,Open (planned),0.0,No,0.0,0.0,0.0,0.0,0.0,0.0,0.0,0.0,0.0,0.0,0.0,0.0,0.0,0.0,0.0,0.0,0.0,CD,uninflamed,NI Ascending Colon & IF T. Ileum,AC,ascending colon,K8,,F,CL,,,2020.0,,N,N,NS6000,,,,,,,,,,29.0,,,,,,21,,Novogene,151.0,77.04840381,,,,,non-hispanic white,100065483131,,2020-06-29,0.0,0.0
PB73,Female,White,"Laparoscopy, surgical; colectomy, partial, with removal of terminal ileum with ileocolostomy",29.62,Yes,No,Clean/Contaminated,ASA 2 - Mild Disturb,No,No,No,Independent,No,No,No,No,No,No,No,No,No,No,None,68.0,150.796008,141.0,18.0,0.96,4.4,8.3,38.0,313.0,,Inpatient,Not transferred (admitted from home),152,Home,0.0,3.0,,,,,,,,,,0.0,0.0,0.0,0.0,0.0,0.0,0.0,0.0,0.0,0.0,0.0,0.0,0.0,0.0,0.0,0.0,0.0,CD,uninflamed,"NI from colon, IF from Ileum",AC,ascending colon,73.ReadsPerGene.out.tab,73,F,CL,CD,surgical,2017.0,170920_UNC31-K00269_0082_AHLJH3BBXX,HS4000_V1,F,HS4000,0.803666803,0.082237509,0.053187986,0.056439434,0.0,0.004468268,0.0,0.735821039,74.35832022,29.6,0.0,7.1,Current,PE,PE,,,HTSF,50.0,74.43547776,-0.0334514,-0.0215852,0.00740022,-0.0016944,non-hispanic white,13619077,A2B2L3 P? (Perianal molluscum contagiosum),2013-11-18,0.0,0.0
PB120,Female,Non-Hispanic Black,44160.0,22.0,1.0,0.0,4-Dirty/Infected,2-Mild Disturb,No diabetes,0.0,No,Independent,0.0,0.0,0.0,0.0,0.0,0.0,0.0,1.0,0.0,0.0,0.0,147.3,47.2,137.0,3.0,0.4099999999999999,,9.4,30.0,248.0,1.3,inpatient,Not transferred (admitted from home),01:41:00,Home,1.0,5.0,0.0,1.0,1.0,0.0,Crohn's Disease,Not emergent,Open (planned),1.0,0.0,0.0,0.0,0.0,0.0,0.0,0.0,0.0,0.0,0.0,0.0,0.0,0.0,0.0,0.0,0.0,0.0,0.0,CD,uninflamed,"Colon & Ileum, NI ONLY",AC,ascending colon,120.ReadsPerGene.out.tab,120,F,CL,CD,surgical,2018.0,181106_UNC32-K00270_0131_AH2LNVBBXY,H,H,HS4000,0.636480732,0.273509284,0.062728239,0.027281746,0.0,0.0,0.0,0.638446692,76.94631031,22.1,0.0,6.7,Current,PE,PE,,,HTSF,50.0,77.01653806,-0.0315743,0.0129638,-0.00104225,0.00195397,non-hispanic white,100039641285,A2B2B3L1 P (B2/B3- FISTULAS AND STICTURE),2015-11-05,1.0,0.0
PB152,Female,Non-Hispanic White,44150.0,20.0,1.0,0.0,2-Clean/Contaminated,2-Mild Disturb,No diabetes,0.0,No,Independent,0.0,0.0,0.0,0.0,0.0,0.0,0.0,0.0,0.0,0.0,0.0,165.1,51.3,140.0,11.0,0.55,3.6,10.2,32.0,698.0,,inpatient,Not transferred (admitted from home),00:16:00,Home,0.0,8.0,0.0,1.0,1.0,0.0,Crohn's Disease,Not emergent,Open (planned),0.0,0.0,0.0,0.0,0.0,0.0,0.0,0.0,1.0,0.0,0.0,0.0,0.0,0.0,0.0,0.0,0.0,0.0,0.0,CD,uninflamed,Colon ,AC,likely ascending colon,152.ReadsPerGene.out.tab,152,F,CL,CD,surgical,2017.0,170920_UNC31-K00269_0082_AHLJH3BBXX,HS4000_V1,F,HS4000,0.917647595,0.03391723,0.034406736,0.01188174,0.0,0.002146698,0.0,0.867931636,76.31928826,20.4,0.0,3.7,Current,PD,PD,,,HTSF,50.0,76.3997402,-0.0326508,-0.0113216,-0.0205613,0.00462736,non-hispanic white,19699396,A1B2L3 P,2015-02-19,0.0,0.0
PB153,Male,Non-Hispanic White,44205.0,35.0,1.0,0.0,2-Clean/Contaminated,None assigned,No diabetes,0.0,No,Independent,0.0,0.0,0.0,0.0,0.0,0.0,0.0,0.0,0.0,0.0,0.0,167.6,84.79999999999998,133.0,19.0,1.01,3.9,10.0,47.0,332.0,,inpatient,Not transferred (admitted from home),01:57:00,Home,0.0,4.0,0.0,0.0,1.0,1.0,Crohn's Disease,Not emergent,Laparoscopic,0.0,0.0,0.0,0.0,0.0,0.0,0.0,0.0,0.0,0.0,0.0,0.0,0.0,0.0,0.0,0.0,0.0,0.0,0.0,CD,uninflamed,"NI from Colon, IF from Ileum",AC,ascending colon,153.ReadsPerGene.out.tab,153,M,CL,CD,surgical,2017.0,170920_UNC31-K00269_0082_AHLJH3BBXX,HS4000_V1,F,HS4000,0.695945812,0.056220598,0.054053748,0.098311232,0.0,0.024727185,0.070741425,0.659694047,74.67301449,35.6,0.0,1.6,Current,PE,PE,,,HTSF,50.0,74.7534818,-0.0317435,-0.0132783,-0.0164418,-0.0113445,non-hispanic white,14813638,A2B2L1,2015-04-14,0.0,0.0
PB190,Male,Non-Hispanic Black,45395.0,52.0,1.0,0.0,2-Clean/Contaminated,2-Mild Disturb,No diabetes,1.0,No,Independent,0.0,0.0,0.0,0.0,0.0,0.0,0.0,0.0,0.0,0.0,0.0,177.8,73.70999999999998,135.0,8.0,0.76,,,,,,inpatient,Not transferred (admitted from home),07:27:00,Home,0.0,19.0,0.0,0.0,1.0,1.0,Crohn's Disease,Not emergent,Laparoscopic,0.0,1.0,0.0,0.0,0.0,0.0,0.0,0.0,0.0,0.0,0.0,0.0,0.0,1.0,0.0,0.0,0.0,0.0,0.0,CD,uninflamed,NI only Colon,DC,descending colon,190.ReadsPerGene.out.tab,190,M,CL,CD,surgical,2017.0,170920_UNC31-K00269_0082_AHLJH3BBXX,HS4000_V1,F,HS4000,0.85006929,0.067987636,0.078591567,0.003351507,0.0,0.0,0.0,0.783221003,76.5240234,52.9,0.0,3.0,Current,Unk,PD,,,HTSF,50.0,76.55651319,0.191417,-0.00735787,-0.0191192,-0.123042,non-hispanic black,100039485261,A2B3L2 P,2016-05-17,0.0,1.0
PB198,Female,Non-Hispanic White,44205.0,41.0,1.0,0.0,2-Clean/Contaminated,2-Mild Disturb,No diabetes,0.0,No,Independent,0.0,0.0,0.0,0.0,0.0,0.0,0.0,0.0,0.0,0.0,0.0,162.6,56.2,,,,,,,,,inpatient,Not transferred (admitted from home),01:08:00,Home,0.0,3.0,0.0,1.0,1.0,1.0,Crohn's Disease,Not emergent,Laparoscopic,0.0,0.0,0.0,0.0,0.0,0.0,0.0,0.0,0.0,0.0,0.0,0.0,0.0,0.0,0.0,0.0,0.0,0.0,0.0,CD,uninflamed,"Colon & ileum, NI only",AC,ascending colon,198.ReadsPerGene.out.tab,198,F,CL,CD,surgical,2017.0,170920_UNC31-K00269_0082_AHLJH3BBXX,HS4000_V1,F,HS4000,0.870565419,0.048071876,0.055135455,0.022717593,0.0,0.003509658,0.0,0.848127072,72.59171817,41.4,0.0,7.0,Current,PE,PE,,,HTSF,50.0,72.66206498,-0.0337848,-0.0400747,-0.00958957,-0.0116938,,100047333297,L1B2,2016-06-14,0.0,0.0
PB204,Female,Non-Hispanic White,44205.0,39.0,1.0,0.0,2-Clean/Contaminated,3-Severe Disturb,No diabetes,0.0,No,Independent,0.0,0.0,0.0,0.0,0.0,0.0,0.0,0.0,0.0,0.0,0.0,167.6,103.87,143.0,14.0,0.7199999999999999,,6.5,33.0,229.0,,inpatient,Not transferred (admitted from home),03:24:00,Home,0.0,7.0,0.0,1.0,1.0,1.0,Crohn's Disease,Not emergent,Laparoscopic,0.0,1.0,0.0,0.0,0.0,0.0,0.0,0.0,0.0,0.0,0.0,0.0,0.0,0.0,0.0,0.0,0.0,0.0,0.0,CD,uninflamed,Colon,RSC,rectal/sigmoid colon,204.ReadsPerGene.out.tab,204,F,CL,CD,surgical,2017.0,170920_UNC31-K00269_0082_AHLJH3BBXX,HS4000_V1,F,HS4000,0.871225439,0.061773371,0.025904253,0.039070464,0.0,0.002026473,0.0,0.822988145,76.77642839,39.7,0.0,2.8,Current,Unk,IND,,,HTSF,50.0,76.8340593,-0.0354184,-0.0323005,0.00885282,0.0183849,non-hispanic white,14542419,A2B2B3L3 P,2016-07-07,0.0,0.0
PB208,Male,Non-Hispanic White,44205.0,18.0,1.0,0.0,2-Clean/Contaminated,2-Mild Disturb,No diabetes,0.0,No,Independent,0.0,0.0,0.0,0.0,0.0,0.0,0.0,0.0,0.0,0.0,0.0,185.4,70.31,141.0,9.0,0.93,,11.4,35.0,335.0,,inpatient,Not transferred (admitted from home),01:28:00,Home,0.0,4.0,0.0,1.0,1.0,1.0,Crohn's Disease,Not emergent,Laparoscopic,0.0,0.0,0.0,0.0,0.0,0.0,0.0,0.0,0.0,0.0,0.0,0.0,0.0,0.0,0.0,0.0,0.0,0.0,0.0,CD,uninflamed,Colon,AC,ascending colon,208.ReadsPerGene.out.tab,208,M,CL,CD,surgical,2017.0,170920_UNC31-K00269_0082_AHLJH3BBXX,HS4000_V1,F,HS4000,0.850318768,0.064768646,0.024223735,0.060688852,0.0,0.0,0.0,0.810400954,74.77139702,18.9,0.0,8.3,Current,PE,PE,,,HTSF,50.0,74.8284384,-0.0351969,-0.0232343,-0.00308157,-0.0224945,,100034776615,A1B2L1,2016-08-11,0.0,0.0
PB215,Female,Non-Hispanic White,44205.0,25.0,1.0,0.0,2-Clean/Contaminated,2-Mild Disturb,No diabetes,0.0,No,Independent,0.0,0.0,0.0,0.0,0.0,0.0,0.0,0.0,0.0,0.0,0.0,165.1,59.88,140.0,11.0,0.7299999999999999,,8.3,40.0,259.0,,inpatient,Not transferred (admitted from home),01:23:00,Home,0.0,5.0,0.0,0.0,1.0,1.0,Crohn's Disease,Not emergent,Laparoscopic,0.0,0.0,0.0,0.0,0.0,0.0,0.0,0.0,0.0,0.0,0.0,0.0,0.0,0.0,0.0,0.0,0.0,0.0,0.0,CD,uninflamed,"IF only ileum, NI only colon",AC,ascending colon,215.ReadsPerGene.out.tab,215,F,CL,CD,surgical,2017.0,170920_UNC31-K00269_0082_AHLJH3BBXX,HS4000_V1,F,HS4000,0.730073294,0.115341642,0.059558183,0.074635409,0.003765989,0.016625482,0.0,0.660654765,75.7009739,25.0,0.0,6.6,Current,PE,PE,,,HTSF,50.0,75.73213183,-0.0290754,0.0201696,0.00627093,0.00443232,non-hispanic white,17299827,A1B2L3 P,2016-08-30,0.0,0.0
PB218,Male,Hispanic,44625.0,23.0,1.0,0.0,2-Clean/Contaminated,3-Severe Disturb,No diabetes,1.0,No,Independent,0.0,0.0,0.0,0.0,0.0,0.0,0.0,0.0,0.0,0.0,0.0,180.3,,,,,,,,,,inpatient,Not transferred (admitted from home),00:54:59,Home,0.0,4.0,0.0,1.0,0.0,0.0,Crohn's Disease,Not emergent,Open (planned),0.0,0.0,0.0,0.0,0.0,0.0,0.0,0.0,0.0,0.0,0.0,0.0,0.0,0.0,0.0,0.0,0.0,0.0,0.0,CD,uninflamed,Colon & ileum,AC,ascending colon,218.ReadsPerGene.out.tab,218,M,CL,CD,surgical,2017.0,170920_UNC31-K00269_0082_AHLJH3BBXX,HS4000_V1,F,HS4000,0.797652724,0.109407178,0.031672169,0.053772984,0.000916069,0.006578876,0.0,0.740858743,76.30366704,23.0,0.0,3.7,Current,PE,PE,,,HTSF,50.0,76.31640514,-0.0296239,-0.0311663,-0.00210766,-0.0101938,non-hispanic white,100050479409,,2016-11-01,0.0,0.0
PB224,Male,Non-Hispanic White,44160.0,70.0,1.0,0.0,2-Clean/Contaminated,3-Severe Disturb,No diabetes,0.0,No,Independent,0.0,0.0,0.0,0.0,1.0,0.0,0.0,0.0,0.0,0.0,0.0,182.9,92.99,144.0,8.0,1.01,,8.5,43.0,233.0,1.06,inpatient,Not transferred (admitted from home),01:42:00,Home,1.0,11.0,0.0,0.0,1.0,0.0,Crohn's Disease,Not emergent,Open (planned),0.0,1.0,0.0,0.0,0.0,0.0,0.0,0.0,1.0,0.0,0.0,0.0,0.0,0.0,0.0,0.0,0.0,0.0,0.0,CD,uninflamed,NI colon and ileum; IF ileum only,AC,ascending colon,224.ReadsPerGene.out.tab,224,M,CL,CD,surgical,2018.0,181106_UNC32-K00270_0131_AH2LNVBBXY,H,H,HS4000,0.877238642,0.043357364,0.079403994,0.0,0.0,0.0,0.0,0.873928966,76.48384428,70.0,0.0,4.6,Current,PD,IND,,,HTSF,50.0,76.49988137,-0.0328687,-0.00148281,0.00696685,-0.00877639,non-hispanic white,14506794,A2B2L1,2016-09-15,0.0,0.0
PB228,Female,Non-Hispanic White,44205.0,56.0,1.0,0.0,2-Clean/Contaminated,3-Severe Disturb,Medication only,1.0,No,Independent,0.0,0.0,0.0,0.0,0.0,0.0,0.0,0.0,0.0,0.0,0.0,154.9,78.47,,,,,,,,,inpatient,Not transferred (admitted from home),01:44:00,Home,0.0,7.0,0.0,0.0,1.0,1.0,Crohn's Disease,Not emergent,Laparoscopic,0.0,0.0,0.0,0.0,0.0,0.0,1.0,0.0,0.0,0.0,0.0,0.0,0.0,0.0,0.0,0.0,0.0,0.0,0.0,CD,uninflamed,Colon & ileum,AC,ascending colon,228.ReadsPerGene.out.tab,228,F,CL,CD,surgical,2018.0,181106_UNC32-K00270_0131_AH2LNVBBXY,H,H,HS4000,0.849330435,0.101701623,0.048967942,0.0,0.0,0.0,0.0,0.851395302,75.78359542,56.1,0.0,5.7,Current,PD,PE,,,HTSF,50.0,75.84799332,-0.00158544,0.184853,0.0773618,-0.0570987,other,10567154,A2L1B2,2016-09-27,0.0,1.0
PB231,Female,Non-Hispanic Black,44205.0,33.0,1.0,0.0,2-Clean/Contaminated,2-Mild Disturb,No diabetes,0.0,No,Independent,0.0,0.0,0.0,0.0,0.0,0.0,0.0,1.0,0.0,0.0,0.0,172.7,72.94,139.0,9.0,0.8599999999999999,3.0,10.4,37.0,504.0,,inpatient,Not transferred (admitted from home),02:40:00,Home,0.0,5.0,0.0,1.0,1.0,1.0,Crohn's Disease,Not emergent,Laparoscopic w/ unplanned conversion to open,0.0,0.0,0.0,0.0,0.0,1.0,0.0,0.0,0.0,0.0,0.0,0.0,0.0,0.0,0.0,0.0,0.0,0.0,0.0,CD,uninflamed,Colon,AC,ascending colon,231.ReadsPerGene.out.tab,231,F,CL,CD,surgical,2018.0,181106_UNC32-K00270_0131_AH2LNVBBXY,H,H,HS4000,0.646776095,0.247473508,0.07808704,0.027663357,0.0,0.0,0.0,0.657717575,77.49998526,33.8,0.0,4.5,Current,PD,PD,,,HTSF,50.0,77.59840722,-0.032917,-0.019103,0.00588212,-0.00706217,non-hispanic black,5782586,,2016-11-01,0.0,1.0
PB233,Male,Non-Hispanic White,44160.0,41.0,0.0,1.0,2-Clean/Contaminated,2-Mild Disturb,No diabetes,0.0,No,Independent,0.0,0.0,0.0,0.0,0.0,0.0,0.0,1.0,0.0,0.0,0.0,180.0,75.79999999999998,138.0,14.0,0.82,3.0,3.9,31.0,205.0,0.97,inpatient,Not transferred (admitted from home),00:51:59,Home,0.0,15.0,0.0,0.0,1.0,1.0,Crohn's Disease,Obstruction,Open (planned),0.0,1.0,0.0,0.0,0.0,0.0,0.0,0.0,0.0,0.0,0.0,0.0,0.0,0.0,0.0,0.0,0.0,0.0,0.0,CD,uninflamed,"Colon, NI ONLY",AC,ascending colon,233.ReadsPerGene.out.tab,233,M,CL,CD,surgical,2018.0,181106_UNC32-K00270_0131_AH2LNVBBXY,H,H,HS4000,0.79154939,0.138813448,0.063670555,0.005966607,0.0,0.0,0.0,0.786801635,71.84029648,42.1,0.0,4.8,Current,PE,PE,,,HTSF,50.0,71.87097769,-0.0334691,-0.0203997,-0.0263829,-0.00137794,non-hispanic white,11921020,A2L3B1(Skin tags),2016-11-03,0.0,0.0
PB272,Female,Non-Hispanic White,44205.0,27.0,0.0,1.0,4-Dirty/Infected,3-Severe Disturb,No diabetes,1.0,No,Independent,0.0,0.0,0.0,0.0,0.0,0.0,0.0,0.0,0.0,0.0,0.0,152.4,101.92,142.0,3.0,0.54,3.1,9.5,36.0,384.0,1.22,inpatient,Not transferred (admitted from home),02:15:00,Home,0.0,10.0,0.0,0.0,1.0,1.0,Other,Other,Laparoscopic,0.0,0.0,0.0,0.0,0.0,0.0,0.0,0.0,0.0,0.0,0.0,0.0,0.0,0.0,0.0,0.0,0.0,0.0,0.0,CD,uninflamed,Colon & ileum/No IF,AC,ascending colon,272.ReadsPerGene.out.tab,272,F,CL,CD,surgical,2018.0,181106_UNC32-K00270_0131_AH2LNVBBXY,H,H,HS4000,0.704143273,0.22012822,0.075728507,0.0,0.0,0.0,0.0,0.717609122,76.69566008,27.5,0.0,5.4,Current,PE,PE,,,HTSF,50.0,76.79668948,-0.0315709,-0.0245049,-0.00682786,0.0060426,non-hispanic white,18881326,A2L3B2 (Jain 1/27/17),2017-05-11,0.0,0.0
PB274,Male,,44205.0,36.0,1.0,0.0,2-Clean/Contaminated,2-Mild Disturb,No diabetes,0.0,No,Independent,0.0,0.0,0.0,0.0,0.0,0.0,0.0,0.0,0.0,0.0,0.0,167.6,76.2,,,,,,,,,inpatient,Not transferred (admitted from home),02:26:00,Home,0.0,4.0,0.0,0.0,1.0,1.0,Crohn's Disease,Not emergent,Laparoscopic,0.0,0.0,0.0,0.0,0.0,0.0,0.0,0.0,0.0,0.0,0.0,0.0,0.0,0.0,0.0,0.0,0.0,0.0,0.0,CD,uninflamed,Colon1-3/21 ileum 11-16/24-25,AC,ascending colon,274.ReadsPerGene.out.tab,274,M,CL,CD,surgical,2018.0,181106_UNC32-K00270_0131_AH2LNVBBXY,H,H,HS4000,0.721854204,0.212721013,0.065424783,0.0,0.0,0.0,0.0,0.724416695,75.39889994,36.7,0.0,4.2,Current,PD,IND,,,HTSF,50.0,75.44861712,-0.0295295,0.00924146,-0.00115729,0.00557118,,100051341293,,2017-03-24,0.0,0.0
PB280,Male,Hispanic,44205.0,28.0,1.0,0.0,2-Clean/Contaminated,2-Mild Disturb,No diabetes,0.0,No,Independent,0.0,0.0,1.0,0.0,0.0,0.0,0.0,0.0,0.0,0.0,0.0,170.2,77.61,140.0,12.0,0.7399999999999999,4.1,10.4,39.0,366.0,,inpatient,Not transferred (admitted from home),02:55:00,Home,1.0,4.0,0.0,1.0,1.0,1.0,Crohn's Disease,Not emergent,Laparoscopic,1.0,0.0,0.0,0.0,0.0,0.0,0.0,1.0,0.0,0.0,0.0,0.0,0.0,0.0,0.0,0.0,1.0,0.0,0.0,CD,uninflamed,colon1-7&21-22/ileum8-10/11--15/23&31/27-30,AC,ascending colon,280.ReadsPerGene.out.tab,280,M,CL,CD,surgical,2018.0,181106_UNC32-K00270_0131_AH2LNVBBXY,H,H,HS4000,0.733272427,0.156886468,0.109841105,0.0,0.0,0.0,0.0,0.751299027,78.06889209,28.1,0.0,3.8,Current,PE,PE,,,HTSF,50.0,78.15510871,0.0303518,0.152032,0.0269829,-0.0405062,other,100051587812,,2017-04-12,1.0,1.0
PB290,Female,Non-Hispanic White,44205.0,26.0,1.0,0.0,2-Clean/Contaminated,2-Mild Disturb,No diabetes,0.0,No,Independent,0.0,0.0,0.0,0.0,0.0,0.0,0.0,0.0,0.0,0.0,0.0,162.6,87.54,138.0,13.0,0.6099999999999999,,9.9,38.0,312.0,,inpatient,Not transferred (admitted from home),02:11:00,Home,0.0,4.0,0.0,1.0,1.0,1.0,Crohn's Disease,Not emergent,Laparoscopic,0.0,0.0,0.0,0.0,0.0,0.0,0.0,0.0,0.0,0.0,0.0,0.0,0.0,0.0,0.0,0.0,0.0,0.0,0.0,CD,uninflamed,colon & ileum,AC,ascending colon,290.ReadsPerGene.out.tab,290,F,CL,CD,surgical,2018.0,181106_UNC32-K00270_0131_AH2LNVBBXY,H,H,HS4000,0.774849592,0.129800178,0.095350231,0.0,0.0,0.0,0.0,0.783682893,76.60592856,26.0,0.0,3.4,Current,PE,PE,,,HTSF,50.0,76.6596774,-0.0348618,-0.0353305,-0.00853808,0.00640092,non-hispanic white,100052436670,colon01-02/21 & ileum 03-16/22-26,2017-05-02,0.0,0.0
PB298,Female,Non-Hispanic White,44212.0,44.0,1.0,0.0,2-Clean/Contaminated,2-Mild Disturb,No diabetes,0.0,No,Independent,0.0,0.0,1.0,0.0,0.0,0.0,0.0,0.0,0.0,0.0,0.0,167.6,71.0,,,,,,,,,inpatient,Not transferred (admitted from home),04:14:59,Home,1.0,4.0,0.0,0.0,1.0,1.0,Crohn's Disease,Not emergent,Laparoscopic,0.0,0.0,0.0,0.0,0.0,0.0,0.0,0.0,0.0,0.0,0.0,0.0,0.0,0.0,0.0,0.0,0.0,0.0,0.0,CD,uninflamed,Colon & ileum,AC,ascending colon,298.ReadsPerGene.out.tab,298,F,CL,CD,surgical,2018.0,181106_UNC32-K00270_0131_AH2LNVBBXY,H,H,HS4000,0.749762851,0.184696107,0.065541043,0.0,0.0,0.0,0.0,0.745087516,77.50984491,44.2,2.0,3.9,Current,Unk,PD,,,HTSF,50.0,77.54605413,-0.034971,-0.00866115,-0.00420595,0.013236,non-hispanic white,100001348174,,2017-05-25,0.0,0.0
PB299,Female,Non-Hispanic White,44205.0,21.0,1.0,0.0,2-Clean/Contaminated,3-Severe Disturb,No diabetes,1.0,No,Independent,0.0,0.0,0.0,0.0,0.0,0.0,0.0,0.0,0.0,0.0,0.0,155.4,61.69,136.0,11.0,0.63,3.4,18.0,41.0,326.0,,inpatient,Not transferred (admitted from home),01:47:59,Home,0.0,5.0,0.0,1.0,1.0,1.0,Crohn's Disease,Not emergent,Laparoscopic,0.0,0.0,0.0,0.0,0.0,0.0,0.0,0.0,0.0,0.0,0.0,0.0,0.0,0.0,0.0,0.0,0.0,0.0,0.0,CD,uninflamed,ColonNI & ileum IF,AC,ascending colon,299.ReadsPerGene.out.tab,299,F,CL,CD,surgical,2018.0,181106_UNC32-K00270_0131_AH2LNVBBXY,H,H,HS4000,0.818527248,0.110695741,0.070777012,0.0,0.0,0.0,0.0,0.814631856,76.55540615,21.6,0.0,6.1,Current,PE,PE,,,HTSF,50.0,76.67069081,-0.0304593,-0.0242147,0.000117818,0.0194873,non-hispanic white,41689258,,2017-05-26,0.0,0.0
PB302,Female,Non-Hispanic White,44205.0,68.0,0.0,1.0,4-Dirty/Infected,3-Severe Disturb,No diabetes,0.0,No,Independent,0.0,0.0,0.0,0.0,1.0,0.0,0.0,0.0,0.0,0.0,0.0,167.64,73.5,144.0,8.0,0.77,2.9,10.4,35.0,377.0,1.22,inpatient,Not transferred (admitted from home),03:02:00,Home,0.0,10.0,0.0,1.0,0.0,0.0,Crohn's Disease,Obstruction,Laparoscopic,0.0,0.0,0.0,0.0,0.0,0.0,0.0,0.0,0.0,0.0,0.0,0.0,0.0,0.0,0.0,0.0,0.0,0.0,0.0,CD,uninflamed,Colon-NI & ileum-IF,AC,ascending colon,302.ReadsPerGene.out.tab,302,F,CL,CD,surgical,2018.0,181106_UNC32-K00270_0131_AH2LNVBBXY,H,H,HS4000,0.75960913,0.138948429,0.101442441,0.0,0.0,0.0,0.0,0.775258282,76.97039571,68.3,0.0,4.6,Current,PE,PE,,,HTSF,50.0,77.11211588,-0.0318225,-0.0476938,-0.0134522,-0.00409898,non-hispanic white,100050932431,,2017-06-06,0.0,0.0
PB305,Female,Non-Hispanic White,44210.0,37.0,1.0,0.0,2-Clean/Contaminated,2-Mild Disturb,Insulin dependent,0.0,No,Independent,0.0,0.0,0.0,0.0,1.0,0.0,0.0,0.0,0.0,0.0,0.0,170.2,88.79999999999998,139.0,11.0,0.5899999999999999,4.7,7.0,43.0,386.0,,inpatient,Not transferred (admitted from home),04:17:59,Home,0.0,4.0,0.0,0.0,1.0,1.0,Crohn's Disease,Not emergent,Laparoscopic,0.0,0.0,0.0,0.0,0.0,0.0,0.0,0.0,0.0,0.0,0.0,0.0,0.0,0.0,0.0,0.0,0.0,0.0,0.0,CD,uninflamed,"Colon, all #'s",AC,ascending colon,305.ReadsPerGene.out.tab,305,F,CL,CD,surgical,2018.0,181106_UNC32-K00270_0131_AH2LNVBBXY,H,H,HS4000,0.811446427,0.107053183,0.08150039,0.0,0.0,0.0,0.0,0.822509609,75.82651544,38.0,0.0,3.6,Current,PE,PE,,,HTSF,50.0,75.98160951,-0.0273935,0.00405437,-0.00266155,0.00537724,non-hispanic white,100051726451,,2017-06-09,0.0,0.0
PB308,Female,Non-Hispanic White,44206.0,33.0,1.0,0.0,2-Clean/Contaminated,2-Mild Disturb,No diabetes,0.0,No,Independent,0.0,0.0,0.0,0.0,0.0,0.0,0.0,1.0,0.0,0.0,0.0,160.0,46.13,137.0,9.0,0.67,2.9,7.2,27.0,324.0,,inpatient,Not transferred (admitted from home),01:47:59,Home,0.0,8.0,0.0,0.0,1.0,1.0,Crohn's Disease,Not emergent,Laparoscopic,0.0,1.0,0.0,0.0,0.0,0.0,0.0,0.0,0.0,0.0,0.0,0.0,0.0,0.0,0.0,0.0,0.0,0.0,0.0,CD,uninflamed,Transverse Colon only,AC,ascending colon,308.ReadsPerGene.out.tab,308,F,CL,CD,surgical,2018.0,181106_UNC32-K00270_0131_AH2LNVBBXY,H,H,HS4000,0.714550572,0.114882341,0.170567087,0.0,0.0,0.0,0.0,0.730628911,74.50055368,33.8,0.0,3.9,Current,PD,IND,,,HTSF,50.0,74.64833474,-0.018804,0.155833,0.0602807,-0.046283,,100050890381,"B2, L3, perianal skin tags",2017-06-22,0.0,0.0
PB313,Male,Non-Hispanic White,44205.0,39.0,1.0,0.0,2-Clean/Contaminated,3-Severe Disturb,No diabetes,0.0,No,Independent,0.0,0.0,0.0,0.0,0.0,0.0,0.0,0.0,0.0,0.0,0.0,190.5,78.01999999999998,,19.0,0.92,,8.9,40.0,205.0,,inpatient,Not transferred (admitted from home),01:51:59,Home,0.0,4.0,0.0,1.0,1.0,1.0,Crohn's Disease,Not emergent,Laparoscopic,0.0,0.0,0.0,0.0,0.0,0.0,0.0,0.0,0.0,0.0,0.0,0.0,0.0,0.0,0.0,0.0,0.0,0.0,0.0,CD,uninflamed,"colon NI, ileum IF",AC,ascending colon,313.ReadsPerGene.out.tab,313,M,CL,CD,surgical,2018.0,181106_UNC32-K00270_0131_AH2LNVBBXY,H,H,HS4000,0.719397587,0.225917135,0.033559512,0.021125765,0.0,0.0,0.0,0.719627523,75.25661501,39.8,0.0,3.8,Current,PE,PE,,,HTSF,50.0,75.3166127,-0.0327065,-0.0326922,-0.0171402,-0.00314492,non-hispanic white,19739754,L1 PB2,2017-07-07,0.0,0.0
PB326,Female,Non-Hispanic White,44205.0,23.0,1.0,0.0,2-Clean/Contaminated,2-Mild Disturb,No diabetes,0.0,No,Independent,0.0,0.0,0.0,0.0,0.0,0.0,0.0,0.0,0.0,0.0,0.0,160.0,46.3,,,,,,,,,inpatient,Not transferred (admitted from home),01:39:59,Home,1.0,4.0,0.0,1.0,1.0,1.0,Crohn's Disease,Not emergent,Laparoscopic,0.0,0.0,0.0,0.0,0.0,0.0,0.0,0.0,0.0,0.0,0.0,0.0,0.0,0.0,0.0,0.0,0.0,0.0,0.0,CD,uninflamed,ileum IF and colon NI,AC,ascending colon,326.ReadsPerGene.out.tab,326,F,CL,CD,surgical,2018.0,181106_UNC32-K00270_0131_AH2LNVBBXY,H,H,HS4000,0.807773503,0.116840531,0.075385966,0.0,0.0,0.0,0.0,0.82026153,75.60525896,23.6,0.0,5.8,Current,PE,PE,,,HTSF,50.0,75.68632652,-0.0347494,-0.0141965,-0.0214835,0.0166332,non-hispanic white,9352584,,2017-09-11,0.0,0.0
PB360,Male,Non-Hispanic White,44204.0,56.0,1.0,0.0,2-Clean/Contaminated,3-Severe Disturb,No diabetes,0.0,No,Independent,0.0,0.0,0.0,0.0,1.0,0.0,0.0,0.0,0.0,0.0,0.0,182.9,210.3,144.0,20.0,1.07,,6.3,45.0,255.0,,inpatient,Not transferred (admitted from home),03:24:00,Home,0.0,6.0,0.0,1.0,1.0,1.0,Crohn's Disease,Not emergent,Laparoscopic,0.0,0.0,1.0,0.0,0.0,0.0,0.0,0.0,0.0,0.0,0.0,0.0,0.0,0.0,0.0,0.0,0.0,0.0,0.0,CD,uninflamed,Distal Descending Colon NI Only,AC,ascending colon,360.ReadsPerGene.out.tab,360,M,CL,CD,surgical,2018.0,180410_UNC31-K00269_0123_AHTW3HBBXX,HS4000_V1,G,HS4000,0.832128558,0.077132208,0.040756447,0.049982786,0.0,0.0,0.0,0.876140576,74.83688798,56.3,0.0,6.0,Current,PE,PE,,,HTSF,50.0,74.82680445,-0.0332177,-0.0295041,-0.0134958,0.00701551,non-hispanic white,100053704829,,2017-11-20,0.0,0.0
PB40500,Female,Non-Hispanic Black,,56.0,0.0,1.0,2-Clean/Contaminated,None assigned,Medication only,0.0,Moderate exertion,Independent,0.0,0.0,0.0,0.0,1.0,0.0,0.0,0.0,0.0,1.0,0.0,165.1,99.34,139.0,9.0,0.53,2.4,5.0,33.0,232.0,1.1,inpatient,From acute care hospital inpatient,,Home,1.0,36.0,1.0,1.0,0.0,0.0,Crohn's Disease,Bleeding,Laparoscopic,0.0,1.0,0.0,0.0,0.0,0.0,1.0,0.0,0.0,0.0,0.0,1.0,0.0,0.0,0.0,0.0,0.0,0.0,0.0,CD,uninflamed,Colonic,AC,likely ascending colon,40500.ReadsPerGene.out.tab,40500,F,CL,CD,surgical,2013.0,131121_UNC18-D00219_0124_BH7TT9ADXX,HS2000,A,HS2000,0.838267883,0.062393841,0.099338276,0.0,0.0,0.0,0.0,0.807989872,73.34665642,56.1,2.0,0.0,Weiser,Unk,PE,,,HTSF,50.0,73.34127259,,,,,non-hispanic black,419291,A2B1L2 (HH) P (SS 8/28/18),2012-04-13,0.0,1.0
PB40800,Female,Non-Hispanic White,,23.0,1.0,0.0,2-Clean/Contaminated,None assigned,No diabetes,0.0,No,Independent,0.0,0.0,0.0,0.0,0.0,0.0,0.0,1.0,0.0,0.0,0.0,172.72,56.6,140.0,11.0,0.56,2.9,4.2,35.0,852.0,1.5,inpatient,Not transferred (admitted from home),,Home,0.0,10.0,0.0,0.0,0.0,0.0,Crohn's Disease,Not emergent,Open (planned),0.0,0.0,0.0,0.0,0.0,0.0,0.0,0.0,0.0,0.0,0.0,0.0,0.0,0.0,0.0,0.0,0.0,0.0,0.0,CD,uninflamed,Colonic,AC,likely ascending colon,40800.ReadsPerGene.out.tab,40800,F,CL,CD,surgical,2014.0,141007_UNC9-SN296_0439_AC5FC1ACXX,HS2500,E,HS2500,0.761034956,0.090072376,0.145347212,0.002165457,0.0,0.001379998,0.0,0.853817859,78.01524885,23.4,0.0,0.0,Weiser,PE,PE,,,HTSF,50.0,78.05300391,,,,,non-hispanic white,40130254,A2L2B2 P (Hans),2012-04-26,0.0,0.0
PB42000,Female,Non-Hispanic White,,36.0,1.0,0.0,2-Clean/Contaminated,None assigned,No diabetes,0.0,No,Independent,0.0,0.0,0.0,0.0,0.0,0.0,0.0,1.0,0.0,0.0,0.0,170.0,64.0,140.0,14.0,0.7099999999999999,4.1,4.6,38.0,243.0,1.0,inpatient,Not transferred (admitted from home),,Home,0.0,8.0,0.0,1.0,0.0,0.0,Crohn's Disease,Not emergent,Robotic,0.0,0.0,0.0,0.0,0.0,0.0,0.0,0.0,0.0,0.0,0.0,0.0,0.0,0.0,0.0,0.0,0.0,0.0,0.0,CD,uninflamed,Transverse and Left Colon,TC,transverse/left colon,42000.ReadsPerGene.out.tab,42000,F,CL,CD,surgical,2014.0,140228_UNC17-D00216_0150_AH8UUTADXX,HS2000,D,HS2000,0.680463242,0.148063773,0.161013635,0.01045935,0.0,0.0,0.0,0.78919722,76.02168894,36.4,0.0,0.0,Weiser,Unk,PE,,,HTSF,50.0,76.10287908,,,,,non-hispanic white,6749360,A2B2L2 P,2012-06-07,0.0,0.0
PB422,Female,Non-Hispanic White,44205.0,58.0,1.0,0.0,2-Clean/Contaminated,2-Mild Disturb,No diabetes,0.0,No,Independent,0.0,0.0,0.0,0.0,0.0,0.0,0.0,0.0,0.0,0.0,0.0,157.5,112.5,143.0,18.0,0.8299999999999998,3.7,10.7,40.0,480.0,,inpatient,Not transferred (admitted from home),03:06:59,Home,0.0,6.0,0.0,1.0,1.0,0.0,Crohn's Disease,Not emergent,Laparoscopic,0.0,0.0,0.0,0.0,0.0,0.0,0.0,0.0,0.0,0.0,0.0,0.0,0.0,0.0,0.0,0.0,0.0,0.0,0.0,CD,uninflamed,NI Colon & Ileum; IF Ileum only,AC,ascending colon,422.ReadsPerGene.out.tab,422,F,CL,CD,surgical,2018.0,180410_UNC31-K00269_0123_AHTW3HBBXX,HS4000_V1,G,HS4000,0.803062962,0.107240605,0.0,0.077134432,0.001753308,0.010808692,0.0,0.837254668,75.03078704,58.7,0.0,6.7,Current,PD,PD,,,HTSF,50.0,75.04842448,-0.0334073,-0.0330947,-0.0181683,0.00461183,non-hispanic white,100040793877,,2018-03-12,0.0,0.0
PB43100,Female,Non-Hispanic White,,19.0,1.0,0.0,2-Clean/Contaminated,None assigned,No diabetes,1.0,No,Independent,0.0,0.0,0.0,0.0,0.0,0.0,0.0,0.0,0.0,0.0,0.0,154.94,60.8,145.0,7.0,0.5899999999999999,3.6,8.3,35.0,343.0,1.0,inpatient,Not transferred (admitted from home),,Home,0.0,6.0,0.0,0.0,0.0,0.0,Ulcerative colitis,Not emergent,Laparoscopic,0.0,0.0,0.0,0.0,0.0,0.0,0.0,0.0,0.0,0.0,0.0,0.0,0.0,0.0,0.0,0.0,0.0,0.0,0.0,CD,uninflamed,Colon,AC,ascending colon,43100.ReadsPerGene.out.tab,43100,F,CL,CD,surgical,2014.0,141007_UNC9-SN296_0439_AC5FC1ACXX,HS2500,E,HS2500,0.509006005,0.273390038,0.191059052,0.026074645,0.0,0.000470259,0.0,,77.9955771,19.9,2.0,0.0,Weiser,Unk,PD,,,HTSF,50.0,78.02409411,-0.0241664,-0.0164585,0.00100756,-0.00783652,non-hispanic white,18980375,A1B2? P,2012-06-22,0.0,0.0
PB44000,Male,Non-Hispanic White,,76.0,1.0,0.0,2-Clean/Contaminated,3-Severe Disturb,Medication only,0.0,No,Independent,0.0,0.0,0.0,1.0,1.0,0.0,0.0,0.0,0.0,0.0,0.0,175.0,63.6,140.0,17.0,0.82,3.9,7.4,45.0,127.0,1.0,inpatient,Not transferred (admitted from home),,Home,0.0,4.0,0.0,0.0,0.0,0.0,Crohn's Disease,Not emergent,Laparoscopic,0.0,0.0,0.0,0.0,0.0,0.0,0.0,0.0,0.0,0.0,0.0,0.0,0.0,0.0,0.0,0.0,0.0,0.0,0.0,CD,uninflamed,Colon,AC,likely ascending colon,44000.ReadsPerGene.out.tab,44000,M,CL,CD,surgical,2014.0,141007_UNC9-SN296_0439_AC5FC1ACXX,HS2500,E,HS2500,0.823846264,0.141822436,0.034331299,0.0,0.0,0.0,0.0,,79.52276155,76.5,2.0,0.0,Weiser,Unk,PE,,,HTSF,50.0,79.51071451,,,,,non-hispanic white,20364758,A2B2B3L1,2012-08-20,0.0,0.0
PB51,Female,Non-Hispanic White,,28.0,1.0,0.0,2-Clean/Contaminated,None assigned,No diabetes,0.0,No,Independent,0.0,0.0,0.0,0.0,0.0,0.0,0.0,0.0,0.0,0.0,0.0,162.56,93.2,137.0,14.0,0.81,,11.9,40.0,378.0,,inpatient,Not transferred (admitted from home),,Home,0.0,5.0,0.0,0.0,0.0,0.0,Crohn's Disease,Not emergent,Laparoscopic,0.0,0.0,0.0,0.0,0.0,0.0,0.0,0.0,0.0,0.0,0.0,0.0,0.0,0.0,0.0,0.0,0.0,0.0,0.0,CD,uninflamed,"IF-Ileal, NI-Ileal & ascending colon (AW 8/31/18)",AC,ascending colon,51.ReadsPerGene.out.tab,51,F,CL,CD,surgical,2014.0,140227_UNC10-SN254_0516_BH8UVBADXX,HS2000,C,HS2000,0.658004264,0.227868997,0.114126739,0.0,0.0,0.0,0.0,0.730260773,76.67860662,29.0,0.0,5.0,Weiser,PE,PE,,,HTSF,50.0,76.75745367,-0.0323669,-0.0203922,-0.021892,0.0145759,non-hispanic white,41944059,A2B2L3 L4 (added L4 due to JB),2013-07-25,0.0,0.0
PB62,Female,Non-Hispanic White,,45.0,1.0,0.0,2-Clean/Contaminated,,No diabetes,1.0,No,Independent,0.0,0.0,0.0,0.0,0.0,0.0,0.0,0.0,0.0,0.0,0.0,160.02,41.8,140.0,6.0,0.4799999999999999,3.2,8.0,38.0,571.0,1.1,inpatient,Not transferred (admitted from home),,Home,1.0,5.0,0.0,1.0,0.0,0.0,Crohn's Disease,Not emergent,Open (planned),0.0,0.0,0.0,0.0,0.0,0.0,1.0,0.0,0.0,0.0,0.0,0.0,0.0,0.0,0.0,0.0,0.0,0.0,0.0,CD,uninflamed,"IF from ileum, NI from ascendingColon",AC,ascending colon,62.ReadsPerGene.out.tab,62,F,CL,CD,surgical,2014.0,141007_UNC9-SN296_0439_AC5FC1ACXX,HS2500,E,HS2500,0.817803887,0.122684115,0.05242408,0.007087918,0.0,0.0,0.0,0.870795178,77.25731899,45.3,0.0,0.0,Weiser,PE,PE,,,HTSF,50.0,77.30159455,-0.0342752,-0.0136396,0.00788062,0.0133062,non-hispanic white,9185414,A2B2B3L1 P,2013-09-26,0.0,1.0
PB63,Male,Non-Hispanic White,,18.0,1.0,0.0,2-Clean/Contaminated,None assigned,No diabetes,0.0,No,Independent,0.0,0.0,0.0,0.0,0.0,0.0,0.0,1.0,0.0,1.0,0.0,189.6,52.16,134.0,6.0,0.57,2.1,8.599999999999998,27.0,662.0,1.2,inpatient,Not transferred (admitted from home),,Home,0.0,9.0,0.0,1.0,0.0,0.0,Crohn's Disease,Not emergent,Open (planned),0.0,0.0,0.0,0.0,0.0,0.0,0.0,0.0,0.0,0.0,0.0,0.0,0.0,0.0,0.0,0.0,0.0,0.0,0.0,CD,uninflamed,Colon,AC,likely ascending colon,63.ReadsPerGene.out.tab,63,M,CL,CD,surgical,2014.0,141007_UNC9-SN296_0439_AC5FC1ACXX,HS2500,E,HS2500,0.68774383,0.15346486,0.15879131,0.0,0.0,0.0,0.0,0.794135884,78.03299766,19.0,0.0,0.0,Weiser,PD,PD,,,HTSF,50.0,78.02589787,-0.0336376,-0.0187341,-0.0320194,-0.0109521,non-hispanic white,40703977,A1B2L3 P (A1B2L3 SHEHZAD 7/5/18),2013-10-02,0.0,0.0
PB72,Female,Non-Hispanic White,,36.0,1.0,0.0,2-Clean/Contaminated,3-Severe Disturb,No diabetes,1.0,No,Independent,0.0,0.0,0.0,0.0,0.0,0.0,0.0,0.0,0.0,0.0,0.0,160.02,50.8,139.0,15.0,0.82,4.5,12.5,44.0,257.0,,inpatient,Not transferred (admitted from home),,Home,0.0,4.0,0.0,1.0,0.0,0.0,Crohn's Disease,Not emergent,Open (planned),0.0,0.0,0.0,0.0,0.0,0.0,0.0,0.0,0.0,0.0,0.0,0.0,0.0,0.0,0.0,0.0,0.0,0.0,0.0,CD,uninflamed,"Colon, NI only",AC,likely ascending colon,72.ReadsPerGene.out.tab,72,F,CL,CD,surgical,2017.0,170920_UNC31-K00269_0082_AHLJH3BBXX,HS4000_V1,F,HS4000,0.867562125,0.049760695,0.063473784,0.017496306,0.0,0.00170709,0.0,0.830416328,74.57810825,36.5,0.0,7.7,Current,PD,PD,,,HTSF,50.0,74.67306963,-0.0318955,-0.000985206,-0.00638794,-0.0077282,non-hispanic white,41998329,A1B1L3 P,2013-11-15,0.0,0.0
PB79,Male,Non-Hispanic White,,75.0,0.0,1.0,2-Clean/Contaminated,None assigned,No diabetes,0.0,Moderate exertion,Independent,0.0,1.0,0.0,1.0,1.0,0.0,0.0,0.0,0.0,0.0,0.0,177.8,80.29999999999998,138.0,8.0,1.05,3.9,7.5,29.0,319.0,1.1,inpatient,Not transferred (admitted from home),,Home,0.0,15.0,0.0,0.0,1.0,0.0,Crohn's Disease,"Toxic colitis (Toxic Megacolon, C. diff w/out perforation, Ischemic Colitis)",Laparoscopic,0.0,0.0,0.0,0.0,0.0,0.0,0.0,0.0,1.0,0.0,0.0,0.0,0.0,0.0,0.0,0.0,0.0,0.0,0.0,CD,uninflamed,All from colon,AC,likely ascending colon,79.ReadsPerGene.out.tab,79,M,CL,CD,surgical,2017.0,170920_UNC31-K00269_0082_AHLJH3BBXX,HS4000_V1,F,HS4000,0.641832333,0.106997677,0.163304269,0.047474442,0.014454712,0.025936567,0.0,0.515157423,76.305209,75.7,2.0,8.8,Current,Unk,IND,,,HTSF,50.0,76.36820422,-0.0299747,-0.0358611,-0.00723841,-0.00394639,non-hispanic white,40165300,A3B1L2,2014-01-14,0.0,0.0
PB96,Female,Non-Hispanic White,49000.0,45.0,0.0,1.0,2-Clean/Contaminated,3-Severe Disturb,No diabetes,1.0,Moderate exertion,Independent,0.0,1.0,0.0,0.0,1.0,0.0,0.0,0.0,0.0,0.0,0.0,176.5,100.02,138.0,4.0,0.88,4.3,9.1,38.0,253.0,1.2,inpatient,From acute care hospital inpatient,02:02:00,Home,0.0,22.0,0.0,0.0,1.0,0.0,Crohn's Disease,Obstruction,Open (planned),1.0,1.0,0.0,0.0,0.0,0.0,0.0,0.0,0.0,0.0,0.0,0.0,0.0,0.0,0.0,0.0,0.0,0.0,0.0,CD,uninflamed,"Colon, NI only",AC,ascending colon,96.ReadsPerGene.out.tab,96,F,CL,CD,surgical,2017.0,170920_UNC31-K00269_0082_AHLJH3BBXX,HS4000_V1,F,HS4000,0.830152494,0.069052214,0.073579605,0.023634291,0.0,0.003581396,0.0,0.764541689,74.89142681,45.9,0.0,5.6,Current,PE,PE,,,HTSF,50.0,74.94773178,-0.0323487,-0.0399904,0.012398,0.0150734,non-hispanic white,16284929,A2B2B3?L1,2014-07-17,1.0,0.0
PB271,Female,White,"Laparoscopy, surgical; colectomy, partial, with removal of terminal ileum with ileocolostomy",45.09,No,No,Contaminated,ASA 2 - Mild Disturb,No,No,No,Independent,No,No,No,No,No,No,No,No,No,No,None,62.99216,157.189406,138.0,2.0,0.52,4.4,6.5,29.8,397.0,1.23,Inpatient,Not transferred (admitted from home),137,Home,0.0,13.0,,,,,Crohn's Disease,,,,,0.0,0.0,0.0,0.0,0.0,0.0,0.0,0.0,0.0,0.0,0.0,0.0,0.0,0.0,0.0,0.0,0.0,CD,uninflamed,Colon NI 1-5/21-22 & ileum NI 6-9/23 & ileum IF 11-15/24-25,AC,ascending colon,271.ReadsPerGene.out.tab,271,F,CL,CD,surgical,2018.0,181106_UNC32-K00270_0131_AH2LNVBBXY,H,H,HS4000,0.742813338,0.162495419,0.094691243,0.0,0.0,0.0,0.0,0.744084597,77.19775169,45.1,0.0,4.8,Current,PE,PE,,,HTSF,50.0,77.30767394,-0.028972,0.0443992,0.00366106,-0.0344165,non-hispanic white,100010345609,,2017-03-22,0.0,0.0
PB206,Male,White,"Laparoscopy, surgical; colectomy, partial, with removal of terminal ileum with ileocolostomy",23.3,Yes,No,Clean/Contaminated,ASA 2 - Mild Disturb,No,No,No,Independent,No,No,No,No,No,No,No,No,No,No,None,70.75,140.0,138.0,2.0,0.63,3.3,11.9,36.9,205.0,1.2,Inpatient,Not transferred (admitted from home),66,Home,0.0,4.0,,,,,Crohn's Disease,,,,,0.0,0.0,0.0,0.0,0.0,0.0,0.0,0.0,0.0,0.0,0.0,0.0,0.0,0.0,0.0,1.0,0.0,CD,uninflamed,ileal & colon,AC,ascending colon,206.ReadsPerGene.out.tab,206,M,CL,CD,surgical,2017.0,170920_UNC31-K00269_0082_AHLJH3BBXX,HS4000_V1,F,HS4000,0.861714373,0.056865877,0.066494879,0.012983981,0.0,0.00194089,0.0,0.804189163,74.43922861,23.3,0.0,5.4,Current,PE,PE,,,HTSF,50.0,74.52935564,-0.0346731,0.00550797,-0.0133742,-0.00494916,non-hispanic white,100011202155,A1B2L3 P,2016-07-19,0.0,0.0
PB319,Male,White,"Laparoscopy, surgical; colectomy, partial, with removal of terminal ileum with ileocolostomy",61.93,Yes,No,Clean/Contaminated,ASA 3 - Severe Disturb,No,No,No,Independent,No,No,No,No,No,No,No,No,No,No,None,70.9842903,173.944518,136.0,6.0,0.79,3.6,3.1,38.4,229.0,,Inpatient,Not transferred (admitted from home),190,Home,0.0,3.0,,,,,Crohn's Disease,,,,,0.0,0.0,0.0,0.0,0.0,0.0,0.0,0.0,0.0,0.0,0.0,0.0,0.0,0.0,0.0,0.0,0.0,CD,uninflamed,"NI only, distal colon & ileum",AC,ascending colon,319.ReadsPerGene.out.tab,319,M,CL,CD,surgical,2018.0,181106_UNC32-K00270_0131_AH2LNVBBXY,H,H,HS4000,0.863683351,0.093865532,0.042451117,0.0,0.0,0.0,0.0,0.854634612,77.18976671,61.9,0.0,3.7,Current,PD,IND,,,HTSF,50.0,77.22349987,-0.0314238,-0.0190267,-0.0106352,-0.0243722,non-hispanic white,11376092,"L1, PB2, perianal skin tags",2017-07-13,0.0,0.0
PB420,Female,Black or African American,"Laparoscopy, surgical; colectomy, total, abdominal, without proctectomy, with ileostomy or ileoproctostomy",53.38,Yes,No,Clean/Contaminated,ASA 3 - Severe Disturb,No,No,No,Independent,No,No,No,No,No,No,No,No,No,No,None,63.0,197.1,139.0,9.0,0.83,,7.5,35.2,515.0,,Inpatient,Not transferred (admitted from home),138,Home,0.0,7.0,,,,,Ulcerative colitis,,,,,0.0,0.0,0.0,0.0,0.0,0.0,0.0,0.0,0.0,0.0,0.0,0.0,0.0,0.0,0.0,0.0,0.0,CD,uninflamed,NI & IF Colon ,DC,descending colon,420.ReadsPerGene.out.tab,420,F,CL,CD,surgical,2018.0,180410_UNC31-K00269_0123_AHTW3HBBXX,HS4000_V1,G,HS4000,0.908439488,0.036884967,0.035598099,0.019077446,0.0,0.0,0.0,0.914751809,75.54543842,53.4,0.0,0.0,Current,Unk,PD,,,HTSF,50.0,75.54816098,0.179144,-0.0291191,-0.0587674,0.262522,non-hispanic white,12884029,"L3, B2",2018-02-26,0.0,0.0
PB40700,Female,White,"Laparoscopy, surgical; colectomy, partial, with anastomosis, with coloproctostomy (low pelvic anastomosis)",43.13,Yes,No,Clean/Contaminated,ASA 2 - Mild Disturb,No,No,No,Independent,No,No,No,No,No,No,No,No,No,No,None,64.0,134.48182,141.0,13.0,0.67,,10.5,37.4,484.0,,Inpatient,Not transferred (admitted from home),270,Home,0.0,4.0,,,,,Cancer,,,,,0.0,0.0,0.0,0.0,0.0,0.0,0.0,0.0,0.0,0.0,0.0,0.0,0.0,0.0,0.0,0.0,0.0,CD,uninflamed,Descending colon (AW 8/31/18)Left Colon,DC,descending colon,40700.ReadsPerGene.out.tab,40700,F,CL,CD,surgical,2013.0,131121_UNC18-D00219_0124_BH7TT9ADXX,HS2000,A,HS2000,0.924334431,0.017211012,0.054543895,0.003910663,0.0,0.0,0.0,0.890947187,69.62931275,43.1,0.0,0.0,Weiser,Unk,PE,,,HTSF,50.0,69.66739819,,,,,non-hispanic white,16925950,A2B3L2 MONTREAL CONFIRMED BY SHEHZAD 7/5/17,2012-04-19,0.0,0.0
PB54,Male,Black or African American,"Laparoscopy, surgical; colectomy, total, abdominal, without proctectomy, with ileostomy or ileoproctostomy",20.56,Yes,No,Clean/Contaminated,ASA 2 - Mild Disturb,No,Yes,No,Independent,No,No,No,No,No,No,No,No,No,No,None,68.110273,115.963012,138.0,8.0,0.68,,5.1,28.6,543.0,1.5,Inpatient,From acute care hospital inpatient,228,Home,0.0,17.0,,,,,Cancer,,,,,0.0,0.0,0.0,0.0,0.0,0.0,0.0,0.0,0.0,0.0,0.0,0.0,0.0,0.0,0.0,1.0,0.0,CD,uninflamed,Colon,AC,likely ascending colon,54.ReadsPerGene.out.tab,54,M,CL,CD,surgical,2014.0,141007_UNC9-SN296_0439_AC5FC1ACXX,HS2500,E,HS2500,0.724612613,0.134916315,0.139152741,0.001318332,0.0,0.0,0.0,0.818493741,77.7202367,20.6,0.0,4.8,Weiser,PE,PE,,,HTSF,50.0,77.72317104,0.200312,0.00299753,-0.02266,-0.0535668,non-hispanic black,40680340,A1L2B3 (AJ),2013-09-10,0.0,0.0
PB36,Female,Non-Hispanic White,,39.0,1.0,0.0,2-Clean/Contaminated,None assigned,No diabetes,0.0,No,Independent,0.0,0.0,0.0,0.0,0.0,0.0,0.0,0.0,0.0,0.0,0.0,160.02,62.4,,,,,,,,,inpatient,Not transferred (admitted from home),,Home,0.0,5.0,0.0,0.0,0.0,0.0,Other,Not emergent,Laparoscopic,0.0,0.0,0.0,0.0,0.0,0.0,0.0,0.0,0.0,0.0,0.0,0.0,0.0,0.0,0.0,0.0,0.0,0.0,0.0,CD,uninflamed,"Ileum - IF, Colon - NI",AC,likely ascending colon,36.ReadsPerGene.out.tab,36,F,NIBD,colonic inertia,surgical,2014.0,141007_UNC9-SN296_0439_AC5FC1ACXX,HS2500,E,HS2500,0.76038507,0.140263772,0.099351158,0.0,0.0,0.0,0.0,0.813608818,70.77762846,39.5,2.0,0.0,Weiser,NIBD,PD,,,HTSF,50.0,70.83976437,-0.0336735,-0.00803058,0.00317515,-0.0282155,non-hispanic white,41993817,,2013-05-02,0.0,0.0
